chr	pos	ref	alt	normal_ref_count	normal_alt_count	pct_normal_alt	tumor_ref_count	tumor_alt_count	pct_tumor_alt	tn_pct_alt_ratio	gene	context	dbsnp_id	effect	coding	codon_change	amino_acid_change	amino_acid_length	mutect_call	on/off-target
chr19	39051745	G	A	42	0	0.0	17	11	39.29	100.0	RYR1	CCCxCCC	368860191	INTRON	CODING			5033	KEEP	ON
chr11	47376904	C	T	13	0	0.0	4	2	33.33	100.0	SPI1	GCGxGCC	NA	SYNONYMOUS_CODING	CODING	gcG/gcA	A229	270	KEEP	ON
chr19	15350118	C	A	19	0	0.0	9	2	18.18	100.0	BRD4	GTGxCTA	NA	INTRON	CODING			1362	KEEP	ON
chr8	145740615	C	T	20	0	0.0	10	2	16.67	100.0	MFSD3	CCTxAGC	NA	DOWNSTREAM	CODING	4026		412	KEEP	ON
chr9	124519436	C	T	17	0	0.0	12	2	14.29	100.0	DAB2IP	CTAxTGC	NA	SYNONYMOUS_CODING	CODING	taC/taT	Y141	1132	KEEP	ON
chr13	33635121	G	A	49	0	0.0	43	3	6.52	100.0	KL	GGTxGCC	NA	SYNONYMOUS_CODING	CODING	gtG/gtA	V635	1012	KEEP	ON
chr10	112724167	A	G	623	0	0.0	488	28	5.43	100.0	SHOC2	CAAxGTA	NA	SYNONYMOUS_CODING	CODING	aaA/aaG	K17	536	KEEP	ON
chr9	134022915	A	G	508	0	0.0	409	16	3.76	100.0	NUP214	TCAxTGG	NA	NON_SYNONYMOUS_CODING	CODING	Atg/Gtg	M662V	2090	KEEP	ON
chr19	9065211	G	T	763	0	0.0	590	23	3.75	100.0	MUC16	GCTxGTA	NA	NON_SYNONYMOUS_CODING	CODING	cCa/cAa	P7412Q	14507	KEEP	ON
chr10	76735895	C	G	727	0	0.0	477	14	2.85	100.0	KAT6B	TCAxTCC	NA	INTRON	CODING			1781	KEEP	ON
chr2	215657038	T	C	800	1	0.12	751	36	4.57	38.0833333333	BARD1	TCAxGTA	NA	EXON	CODING				KEEP	ON
chr19	42793590	G	A	214	2	0.93	148	6	3.9	4.1935483871	CIC	CCAxGAC	3826706	INTRON	CODING			1608	KEEP	ON
chr5	131322494	C	T	317	6	1.86	226	10	4.24	2.27956989247	ACSL6	AGAxCTG	77938	INTRON	CODING			622	KEEP	ON
chr15	88626015	C	T	650	8	1.22	461	13	2.74	2.24590163934	NTRK3	AAAxGGA	1966948	INTRON	CODING			612	KEEP	ON
chr1	144855910	G	A	59	3	4.84	41	5	10.87	2.2458677686	PDE4DIP	AGCxGAG	NA	INTRON	CODING			2240	KEEP	ON
chr2	48033551	C	G	781	9	1.14	753	18	2.33	2.04385964912	FBXO11	TCTxTTG	3136367	DOWNSTREAM	CODING	508		843	KEEP	ON
chr15	88611122	T	C	326	8	2.4	202	10	4.72	1.96666666667	NTRK3	TCAxTAA	1824553	INTRON	CODING			612	KEEP	ON
chrX	53220836	G	T	274	5	1.79	210	7	3.23	1.80446927374	MIR6895	GTAxATG	1886889	DOWNSTREAM	NON_CODING	3757			KEEP	ON
chr3	126741674	G	A	424	10	2.3	340	13	3.68	1.6	PLXNA1	GGCxGGA	60819734	INTRON	CODING			1896	KEEP	ON
chrX	66946851	T	C	147	5	3.29	111	6	5.13	1.55927051672	AR	GGCxCCG	1931537	UTR_3_PRIME	CODING	3168		388	KEEP	ON
chr10	129901393	T	C	619	11	1.75	363	10	2.68	1.53142857143	MKI67	GGCxGTC	11016071	NON_SYNONYMOUS_CODING	CODING	cAg/cGg	Q2544R	2896	KEEP	ON
chr7	101671302	T	C	454	10	2.16	354	12	3.28	1.51851851852	CUX1	TTTxAGG	4727517	INTRON	CODING			1505	KEEP	ON
chr10	129906468	C	T	741	12	1.59	533	13	2.38	1.49685534591	MKI67	AGTxTGT	4750936	SYNONYMOUS_CODING	CODING	caG/caA	Q1212	3256	KEEP	ON
chr7	55228053	A	T	681	12	1.73	531	14	2.57	1.48554913295	EGFR	TTTxGTT	1558544	DOWNSTREAM	CODING	3409		405	KEEP	ON
chr15	88611101	T	C	314	7	2.18	190	6	3.06	1.40366972477	NTRK3	GACxTGA	55898076	INTRON	CODING			612	KEEP	ON
chrX	53226311	T	C	153	7	4.38	100	6	5.66	1.29223744292	MIR6894	CTAxCTT	5933555	DOWNSTREAM	NON_CODING	1760			KEEP	ON
chr1	152279019	G	A	475	13	2.66	284	10	3.4	1.27819548872	FLG	ACCxTCT	57670307	SYNONYMOUS_CODING	CODING	gaC/gaT	D2781	4061	KEEP	ON
chr17	28549898	G	T	211	7	3.21	172	7	3.91	1.21806853583	SLC6A4	CAAxAGA	6354	UTR_5_PRIME	CODING	922		630	KEEP	ON
chr15	88651839	G	C	440	12	2.65	274	9	3.18	1.2	NTRK3	AAAxTAA	7174354	INTRON	CODING			612	KEEP	ON
chr10	88684021	G	A	692	16	2.26	515	14	2.65	1.17256637168	BMPR1A	GCCxGGA	12773754	UTR_3_PRIME	CODING	545		532	KEEP	ON
chrX	66949722	C	T	304	15	4.7	182	10	5.21	1.1085106383	AR	AGCxCTT	7440	UTR_3_PRIME	CODING	6039		388	KEEP	ON
chr1	144879561	A	G	208	7	3.26	185	6	3.14	0.963190184049	NBPF20	CACxCTC	NA	INTRON	CODING			4963	KEEP	ON
chr1	152279841	G	C	690	20	2.82	473	13	2.67	0.946808510638	FLG	TGAxTGC	3126074	NON_SYNONYMOUS_CODING	CODING	caC/caG	H2507Q	4061	KEEP	ON
chr17	74476045	G	C	160	8	4.76	87	4	4.4	0.924369747899	RHBDF2	CCTxATT	3826287	INTRON	CODING			827	KEEP	ON
chr4	49657881	A	G	21	0	0.0	0	2	100.0	100.0		GGAxTGG	NA	INTERGENIC					KEEP	OFF
chr6	18657284	C	T	8	0	0.0	0	2	100.0	100.0		GTTxCCT	111740648	INTERGENIC					KEEP	OFF
chr9	68419227	A	C	10	0	0.0	0	3	100.0	100.0		CACxTAC	201201189	INTERGENIC					KEEP	OFF
chr2	92319250	T	C	11	0	0.0	1	2	66.67	100.0		TTCxTTT	7425744	INTERGENIC					KEEP	OFF
chr16	46392722	C	T	14	0	0.0	1	2	66.67	100.0		ACTxGAA	4009081	INTERGENIC					KEEP	OFF
chrUn_gl000225	46140	A	G	13	0	0.0	1	2	66.67	100.0		TGTxGGC	NA	INTERGENIC					KEEP	OFF
chr2	41450427	G	T	12	0	0.0	2	2	50.0	100.0		AACxGGT	NA	INTERGENIC					KEEP	OFF
chr10	38817814	T	A	8	0	0.0	2	2	50.0	100.0		GAAxGGC	201944301	INTERGENIC					KEEP	OFF
chr5	126508350	T	C	8	0	0.0	4	3	42.86	100.0		CTGxGTG	248081	INTERGENIC					KEEP	OFF
chr16	46388989	T	C	16	0	0.0	4	2	33.33	100.0		TGAxGAT	28832035	INTERGENIC					KEEP	OFF
chr16	46406081	G	A	17	0	0.0	4	2	33.33	100.0		TTCxATG	4453524	INTERGENIC					KEEP	OFF
chr18	110014	G	T	11	0	0.0	4	2	33.33	100.0	MIR8078	CTTxTCT	NA	DOWNSTREAM	NON_CODING	2242			KEEP	OFF
chrY	58862694	C	A	21	0	0.0	5	2	28.57	100.0		TTCxTTT	NA	INTERGENIC					KEEP	OFF
chr2	106864046	C	A	27	0	0.0	26	9	25.71	100.0		ATCxAAG	NA	INTERGENIC					KEEP	OFF
chrUn_gl000224	676	T	C	10	0	0.0	6	2	25.0	100.0		CCTxAAG	NA	INTERGENIC					KEEP	OFF
chrUn_gl000220	129892	G	C	20	0	0.0	18	5	21.74	100.0	LOC100507412	CGGxTGA	NA	DOWNSTREAM	NON_CODING	3196			KEEP	OFF
chr18	47553	C	T	13	0	0.0	11	3	21.43	100.0		TTGxGCC	NA	INTERGENIC					KEEP	OFF
chr21	11039798	C	A	16	0	0.0	8	2	20.0	100.0	BAGE2	AGGxATT	10432984	INTRON	CODING			109	KEEP	OFF
chr1	145075304	A	T	14	0	0.0	13	3	18.75	100.0	PDE4DIP	GCAxTCT	NA	INTRON	CODING			310	KEEP	OFF
chr15	20488509	G	A	39	0	0.0	19	3	13.64	100.0	CHEK2P2	GAGxACA	4983824	INTRON	NON_CODING				KEEP	OFF
chr16	46393074	T	A	53	0	0.0	22	3	12.0	100.0		CTAxTCG	NA	INTERGENIC					KEEP	OFF
chrUn_gl000220	121242	G	A	42	0	0.0	22	3	12.0	100.0	RNA45S5	TGTxTGT	NA	DOWNSTREAM	NON_CODING	2462			KEEP	OFF
chrUn_gl000220	121256	G	C	41	0	0.0	22	3	12.0	100.0	RNA45S5	TGTxTGT	NA	DOWNSTREAM	NON_CODING	2476			KEEP	OFF
chrUn_gl000220	140608	G	A	33	0	0.0	22	3	12.0	100.0		GATxCTG	NA	INTERGENIC					KEEP	OFF
chr16	46387432	T	C	46	0	0.0	25	3	10.71	100.0		CAAxCAA	4249121	INTERGENIC					KEEP	OFF
chr13	46733281	C	A	45	0	0.0	27	3	10.0	100.0	LCP1	TGAxTGT	NA	INTRON	CODING			627	KEEP	OFF
chr2	212615616	T	A	25	0	0.0	28	3	9.68	100.0	ERBB4	AACxAAA	NA	INTRON	CODING			1292	KEEP	OFF
chr8	46849299	A	T	66	0	0.0	29	3	9.38	100.0		GACxGCA	NA	INTERGENIC					KEEP	OFF
chr12	1554012	G	A	51	0	0.0	42	4	8.7	100.0	ERC1	GCCxTGT	NA	INTRON	CODING			1088	KEEP	OFF
chr16	46389640	C	T	57	0	0.0	38	3	7.32	100.0		TTCxATT	4464106	INTERGENIC					KEEP	OFF
chr1	18960722	G	C	58	0	0.0	46	3	6.12	100.0	PAX7	TCAxGGA	4920523	INTRON	CODING			505	KEEP	OFF
chr10	21148819	G	A	65	0	0.0	66	4	5.71	100.0	NEBL	CACxTAG	NA	INTRON	CODING			1014	KEEP	OFF
chr16	90130136	C	T	193	0	0.0	143	5	3.38	100.0	PRDM7	TCTxTCA	2078478	NON_SYNONYMOUS_CODING	CODING	aGa/aAa	R131K	492	KEEP	OFF
chr2	92309739	T	A	22	1	4.35	0	2	100.0	22.9885057471		CCTxTCT	201000909	INTERGENIC					KEEP	OFF
chr10	42390689	A	G	143	3	2.05	5	2	28.57	13.9365853659		CGAxTGG	139284451	INTERGENIC					KEEP	OFF
chr10	42392341	A	T	261	2	0.76	71	7	8.97	11.8026315789		GGAxTTA	NA	INTERGENIC					KEEP	OFF
chr4	49104892	A	G	106	4	3.64	3	2	40.0	10.989010989		TCCxTTG	NA	INTERGENIC					KEEP	OFF
chrY	13453639	A	C	80	3	3.61	4	2	33.33	9.23268698061		TCCxTTC	NA	INTERGENIC					KEEP	OFF
chr4	49108412	A	G	43	2	4.44	3	2	40.0	9.00900900901		ACCxTTC	NA	INTERGENIC					KEEP	OFF
chrUn_gl000220	136901	T	G	24	1	4.0	9	5	35.71	8.9275		ATCxAAT	NA	INTERGENIC					KEEP	OFF
chr16	46386290	T	C	23	1	4.17	5	2	28.57	6.85131894484		AGAxTCC	4303515	INTERGENIC					KEEP	OFF
chr16	46401783	G	T	38	1	2.56	24	5	17.24	6.734375		ATAxTTG	4249043	INTERGENIC					KEEP	OFF
chr16	46400072	A	T	60	1	1.64	34	4	10.53	6.42073170732		ATGxTTC	9673754	INTERGENIC					KEEP	OFF
chr6	58777892	T	C	72	1	1.37	52	5	8.77	6.40145985401		GGAxATT	9500563	INTERGENIC					KEEP	OFF
chr4	49099330	T	C	59	2	3.28	8	2	20.0	6.09756097561		CCAxTCC	9631587	INTERGENIC					KEEP	OFF
chrUn_gl000220	130721	C	G	23	1	4.17	11	3	21.43	5.13908872902	LOC100507412	TCCxGTG	NA	DOWNSTREAM	NON_CODING	4025			KEEP	OFF
chr6	58776645	A	C	99	1	1.0	77	4	4.94	4.94		TGGxCCA	4320399	INTERGENIC					KEEP	OFF
chrUn_gl000220	120929	C	T	22	1	4.35	11	3	21.43	4.92643678161	RNA45S5	GCTxGTT	NA	DOWNSTREAM	NON_CODING	2149			KEEP	OFF
chr10	42393730	T	C	166	6	3.49	20	4	16.67	4.77650429799		TCAxCGA	NA	INTERGENIC					KEEP	OFF
chr1	121483812	A	C	22	1	4.35	9	2	18.18	4.17931034483		CAAxAGG	NA	INTERGENIC					KEEP	OFF
chrUn_gl000226	14373	T	C	64	3	4.48	22	5	18.52	4.13392857143		ATCxGCG	NA	INTERGENIC					KEEP	OFF
chr16	46400059	G	A	58	2	3.33	32	5	13.51	4.05705705706		TCAxTTC	4271612	INTERGENIC					KEEP	OFF
chr16	46390867	G	T	34	2	5.56	7	2	22.22	3.9964028777		ATTxATT	4286122	INTERGENIC					KEEP	OFF
chr12	9848883	A	G	101	2	1.94	52	4	7.14	3.68041237113	CLEC2D	AACxGTT	2894	EXON	CODING				KEEP	OFF
chr7	61969200	A	C	266	3	1.12	165	7	4.07	3.63392857143		ATCxTTC	2167853	INTERGENIC					KEEP	OFF
chr3	10035899	A	C	749	35	4.46	619	113	15.44	3.46188340807	EMC3-AS1	ATTxTGT	77213366	INTRON	NON_CODING				KEEP	OFF
chrUn_gl000220	123239	T	C	23	1	4.17	18	3	14.29	3.42685851319	RNA45S5	CCCxTTT	NA	DOWNSTREAM	NON_CODING	4459			KEEP	OFF
chr16	46403838	G	C	23	1	4.17	14	2	12.5	2.99760191847		TCTxTTC	7201011	INTERGENIC					KEEP	OFF
chr16	46393118	C	T	66	2	2.94	31	3	8.82	3.0		ATTxGAT	4278771	INTERGENIC					KEEP	OFF
chrX	74803555	T	A	231	3	1.28	140	5	3.45	2.6953125		GCCxCCT	6647770	INTERGENIC					KEEP	OFF
chr16	46403775	T	A	93	4	4.12	41	5	10.87	2.63834951456		TGAxTCC	13336487	INTERGENIC					KEEP	OFF
chr1	121484139	A	G	285	11	3.72	92	10	9.8	2.63440860215		AGCxGAC	9988651	INTERGENIC					KEEP	OFF
chr7	61969391	G	A	251	5	1.95	129	7	5.15	2.64102564103		TGTxTTG	2123579	INTERGENIC					KEEP	OFF
chr2	91884523	G	A	765	9	1.16	638	20	3.04	2.62068965517		GATxTCT	NA	INTERGENIC					KEEP	OFF
chr16	46404594	G	C	63	2	3.08	36	3	7.69	2.49675324675		TTTxATG	4247751	INTERGENIC					KEEP	OFF
chr10	42390363	G	A	106	5	4.5	32	4	11.11	2.46888888889		ATGxAAT	147893474	INTERGENIC					KEEP	OFF
chr3	195710989	G	A	41	2	4.65	24	3	11.11	2.38924731183	SDHAP1	CCCxTAT	2620604	EXON	NON_CODING				KEEP	OFF
chr11	74195274	C	T	282	7	2.42	197	12	5.74	2.37190082645		TAAxGCT	581831	INTERGENIC					KEEP	OFF
chr17	78308136	G	A	249	4	1.58	182	7	3.7	2.3417721519	RNF213	GGCxTTC	11658902	INTRON	CODING			5207	KEEP	OFF
chrUn_gl000216	80705	C	G	304	12	3.8	43	4	8.51	2.23947368421		ATTxCAT	NA	INTERGENIC					KEEP	OFF
chr6	58779260	C	G	128	3	2.29	74	4	5.13	2.24017467249		GACxGCC	9391560	INTERGENIC					KEEP	OFF
chr7	99306685	C	G	300	5	1.64	201	7	3.37	2.05487804878	CYP3A7	TCTxTCC	2257401	NON_SYNONYMOUS_CODING	CODING	aGa/aCa	R409T	503	KEEP	OFF
chr15	85177723	T	G	690	9	1.29	605	16	2.58	2.0	SCAND2P	TCAxGAA	36126054	INTRON	NON_CODING				KEEP	OFF
chr16	46395336	G	A	62	3	4.62	31	3	8.82	1.90909090909		CTCxATG	4340483	INTERGENIC					KEEP	OFF
chr21	11047289	A	T	73	3	3.95	50	4	7.41	1.87594936709	BAGE2	AAGxGGC	2740334	INTRON	CODING			109	KEEP	OFF
chr16	46392010	T	C	112	5	4.27	69	6	8.0	1.87353629977		TTCxCTT	4633898	INTERGENIC					KEEP	OFF
chr7	61970343	A	G	190	9	4.52	121	11	8.33	1.84292035398		TTGxGGC	10275061	INTERGENIC					KEEP	OFF
chr1	121484082	A	G	276	11	3.83	117	8	6.4	1.67101827676		GTAxCTT	NA	INTERGENIC					KEEP	OFF
chr7	61969263	G	C	249	8	3.11	157	8	4.85	1.55948553055		TTAxAGC	4339518	INTERGENIC					KEEP	OFF
chr7	61968901	T	G	251	13	4.92	169	14	7.65	1.55487804878		ACAxAGT	4407758	INTERGENIC					KEEP	OFF
chr21	11047309	G	T	98	5	4.85	66	5	7.04	1.45154639175	BAGE2	GACxGTG	NA	INTRON	CODING			109	KEEP	OFF
chr7	61968842	T	G	171	5	2.84	116	5	4.13	1.45422535211		AAAxAAA	2167866	INTERGENIC					KEEP	OFF
chr1	121485291	G	A	818	28	3.31	548	26	4.53	1.36858006042		TGCxTTC	56148801	INTERGENIC					KEEP	OFF
chr1	121485140	C	T	792	34	4.12	463	25	5.12	1.2427184466		GAAxGAT	36174284	INTERGENIC					KEEP	OFF
chr1	121485365	G	C	754	38	4.8	370	18	4.64	0.966666666667		GTGxATA	NA	INTERGENIC					KEEP	OFF
chr13	111591170	G	A	201	9	4.29	142	6	4.05	0.944055944056		ATCxACC	7333318	INTERGENIC					KEEP	OFF
chr21	11058322	C	T	903	30	3.22	803	21	2.55	0.791925465839	BAGE2	CATxGCT	NA	NON_SYNONYMOUS_CODING	CODING	Gat/Aat	D40N	109	KEEP	OFF
chr11	121232079	G	A	711	35	4.69	545	16	2.85	0.607675906183		CTAxGCA	NA	INTERGENIC					KEEP	OFF

